Measure,Overall,PTEN-altered,PTEN-unaltered
A. PTEN status reconstruction,,,
Samples in PTEN matrix,549,,
Reconstructed PTEN-altered samples,181,,
Reconstructed PTEN-unaltered samples,368,,
Mutation only,155,,
High-level copy-number alteration only,20,,
Mutation and high-level copy-number alteration,6,,
Exact matches to supplied portal labels,549,,
Label mismatches,0,,
B. Patient-level survival cohort,,,
Analyzable patients,498,146,352
"Age, median (IQR), years",64 (57–71),63 (57–69),64.5 (57–72)
Age available / missing,496 / 2,146 / 0,350 / 2
Deaths,85,20,65
Censored,413,126,287
Median overall survival (months),,Not reached,110.6
