variable,coef,exp(coef),se(coef),coef lower 95%,coef upper 95%,exp(coef) lower 95%,exp(coef) upper 95%,cmp to,z,p,-log2(p),endpoint,definition,model
Altered,-0.5219515797881858,0.5933614251133766,0.25667508951110635,-1.0250255109585489,-0.018877648617822818,0.3587873122809481,0.9812994182382989,0.0,-2.033510851334878,0.04200093838639948,4.573434628781387,OS,Primary portal definition,Unadjusted: all eligible
Altered,-0.5188423537208422,0.5952091909960464,0.265223271780004,-1.0386704142715284,0.000985706829844113,0.3539249428163593,1.0009861927984824,0.0,-1.9562474674213688,0.050436009273103224,4.309402062198867,OS,Primary portal definition,PTEN only: fixed complete cases
Altered,-0.19137236297532623,0.8258250242289182,0.2734291720940032,-0.7272836926021768,0.3445389666515244,0.4832197824966629,1.4113390952643856,0.0,-0.6998973866238882,0.48399138960821775,1.0469467132553052,OS,Primary portal definition,Age and stage: fixed complete cases
AGE_10Y,0.30320924624266726,1.354197795598822,0.11142870305897025,0.08481300140307743,0.5216054910822571,1.0885134971686818,1.6847302990497741,0.0,2.7211054056889004,0.006506401152273407,7.2639245101536245,OS,Primary portal definition,Age and stage: fixed complete cases
ADVANCED_STAGE,1.4362643005581142,4.204957980205067,0.2364503548541629,0.9728301209122393,1.899698480203989,2.645420735526512,6.683878816641668,0.0,6.07427424435023,1.2454971764175587e-09,29.58063110304019,OS,Primary portal definition,Age and stage: fixed complete cases
Altered,0.0688820465738971,1.071309837029785,0.30505595846018185,-0.5290166452774062,0.6667807384252004,0.5891840618348696,1.9479562351746909,0.0,0.2258013477972701,0.8213559287581671,0.2839205557366834,OS,Primary portal definition,"Age, stage and subtype: fixed complete cases"
AGE_10Y,0.09739253098620733,1.102292972858879,0.129106561698319,-0.1556516801102963,0.3504367420827109,0.8558572505609762,1.419687450468702,0.0,0.7543577158671666,0.45063445451802375,1.1499704718111743,OS,Primary portal definition,"Age, stage and subtype: fixed complete cases"
ADVANCED_STAGE,1.3393749925206415,3.816657320380895,0.25053813889651005,0.8483292635297881,1.830420721511495,2.335741182184012,6.236509940539071,0.0,5.345992424226868,8.992296932520889e-08,23.406735083860063,OS,Primary portal definition,"Age, stage and subtype: fixed complete cases"
SUBTYPE_UCEC_CN_LOW,-0.8709759450271684,0.41854287502075344,0.38348705660410637,-1.62259676450849,-0.11935512554584682,0.19738546942224292,0.8874925735080357,0.0,-2.2712003704634083,0.023134851018267854,5.433788381379327,OS,Primary portal definition,"Age, stage and subtype: fixed complete cases"
SUBTYPE_UCEC_MSI,-0.5423908612716271,0.5813566463776149,0.33096168125058334,-1.1910638367855957,0.10628211424234157,0.30389779438500986,1.1121355815410887,0.0,-1.6388328075387157,0.10124808452825863,3.304033480398468,OS,Primary portal definition,"Age, stage and subtype: fixed complete cases"
SUBTYPE_UCEC_POLE,-2.2555654307499124,0.1048142617713085,0.7493197406962558,-3.7242051354194663,-0.7869257260803588,0.02413227469573707,0.45524218537944316,0.0,-3.010150818466463,0.002611179956330935,8.58108239646375,OS,Primary portal definition,"Age, stage and subtype: fixed complete cases"
Altered,0.12972960678037068,1.1385204934789885,0.3075866224889238,-0.47312909542423787,0.7325883089849793,0.6230496331289674,2.0804585142951653,0.0,0.42176608894960066,0.6731957600064504,0.5709020047271218,OS,Primary portal definition,Stage/subtype stratified: fixed complete cases
AGE_10Y,0.10261016454996535,1.1080593640473961,0.13038089351057136,-0.15293169100290654,0.35815202010283725,0.8581883417941801,1.4306830965405761,0.0,0.7870030783432671,0.4312800641285166,1.2133030656864083,OS,Primary portal definition,Stage/subtype stratified: fixed complete cases
PTEN_NO_AMP,-0.5008368649347661,0.606023287802151,0.25675439804878536,-1.0040662379826464,0.002392508113114311,0.36638659300959686,1.0023953724445065,0.0,-1.9506457094441012,0.05109920575177888,4.290555322621123,OS,Amplification excluded,Unadjusted: all eligible
PTEN_NO_AMP,-0.49658513091411194,0.6086054230184581,0.26533330221953916,-1.0166288471634903,0.023458585335266346,0.36181261215444754,1.0237359021895092,0.0,-1.8715522203964918,0.06126857887375219,4.028708801419624,OS,Amplification excluded,PTEN only: fixed complete cases
PTEN_NO_AMP,-0.17642922294471156,0.8382581064960019,0.2731689725219135,-0.7118305707814737,0.35897212489205066,0.4907450312030431,1.4318568878500448,0.0,-0.6458611361162493,0.5183692906367989,0.9479478426337961,OS,Amplification excluded,Age and stage: fixed complete cases
AGE_10Y,0.3042770960370784,1.3556446478093744,0.11147218190190304,0.08579563423125083,0.522758557842906,1.0895836319535874,1.686674025966357,0.0,2.729623578238077,0.006340667933444063,7.301149461093784,OS,Amplification excluded,Age and stage: fixed complete cases
ADVANCED_STAGE,1.4399941784592711,4.2206712461154705,0.2361779557681793,0.9770938912113458,1.9028944657071964,2.6567242826268704,6.705274568489294,0.0,6.0970727508231075,1.0802836336761471e-09,29.785942705324373,OS,Amplification excluded,Age and stage: fixed complete cases
PTEN_NO_AMP,0.10364356317254353,1.1092050229271364,0.30804160167650235,-0.5001068818534342,0.7073940081985213,0.6064658360558567,2.0286975947206907,0.0,0.3364596295061062,0.7365242897767685,0.44119499031510945,OS,Amplification excluded,"Age, stage and subtype: fixed complete cases"
AGE_10Y,0.09764314657102836,1.102569259276311,0.12910652262629432,-0.1554009879457141,0.3506872810877708,0.8560718341637827,1.4200431821105033,0.0,0.7562990977122173,0.4494698889789399,1.153703625367515,OS,Amplification excluded,"Age, stage and subtype: fixed complete cases"
ADVANCED_STAGE,1.3392157106996851,3.8160494446659987,0.2502851129597516,0.848665903432033,1.8297655179673373,2.3365276182327017,6.232425095471473,0.0,5.350760558080196,8.758534583119022e-08,23.444735250747282,OS,Amplification excluded,"Age, stage and subtype: fixed complete cases"
SUBTYPE_UCEC_CN_LOW,-0.887110756261646,0.41184395298808535,0.3861692029838249,-1.6439884860484804,-0.1302330264748116,0.19320789646855996,0.8778908352767724,0.0,-2.297207414281567,0.021606940379980916,5.532361393891041,OS,Amplification excluded,"Age, stage and subtype: fixed complete cases"
SUBTYPE_UCEC_MSI,-0.5585944102978572,0.572012513955049,0.3337929183487679,-1.2128165085559612,0.0956276879602469,0.29735858588920205,1.1003493144236691,0.0,-1.673475917527413,0.0942336435866069,3.4076139625265647,OS,Amplification excluded,"Age, stage and subtype: fixed complete cases"
SUBTYPE_UCEC_POLE,-2.2635606915063278,0.10397958559064031,0.7496653123502238,-3.7328777041717367,-0.7942436788409188,0.023923890802215627,0.4519229045553076,0.0,-3.0194283425092663,0.0025325219411308207,8.62520951643587,OS,Amplification excluded,"Age, stage and subtype: fixed complete cases"
PTEN_NO_AMP,0.15045748240019574,1.1623658830450478,0.3088843377837933,-0.4549446950445438,0.7558596598449353,0.6344830570351261,2.1294413319413428,0.0,0.4870997457485525,0.6261876465901977,0.6753330475715215,OS,Amplification excluded,Stage/subtype stratified: fixed complete cases
AGE_10Y,0.10273324110764319,1.1081957485723226,0.13036267753483438,-0.152772911788841,0.3582393940041274,0.8583246150830071,1.4308081063654494,0.0,0.7880571575418256,0.4306632734844288,1.215367797592892,OS,Amplification excluded,Stage/subtype stratified: fixed complete cases
Altered,-0.26671216382973956,0.7658934915908566,0.19070157585343758,-0.6404803842975104,0.1070560566380313,0.5270391818739929,1.1129966435806269,0.0,-1.3985839531536928,0.16193778113909363,2.626488479826653,PFS,Primary portal definition,Unadjusted: all eligible
Altered,-0.3093452818239413,0.7339273145101957,0.2015623771968471,-0.704400281768039,0.08570971812015649,0.49440498905048547,1.089490023186526,0.0,-1.5347372169650126,0.12484839007413456,3.001750877121737,PFS,Primary portal definition,PTEN only: fixed complete cases
Altered,-0.12204541241118355,0.8851081726936594,0.20592308429060716,-0.5256472412061793,0.28155641638381224,0.5911726092400673,1.3251907566830006,0.0,-0.592674749563036,0.553398843125279,0.8536084668758293,PFS,Primary portal definition,Age and stage: fixed complete cases
AGE_10Y,0.1894891857986659,1.208632053528394,0.08417324840854029,0.024512650456183505,0.35446572114114827,1.024815555409476,1.4254188796271616,0.0,2.251180623075967,0.02437409965081653,5.35850726130395,PFS,Primary portal definition,Age and stage: fixed complete cases
ADVANCED_STAGE,0.9695001351047423,2.636626173033258,0.18306693599043367,0.6106955338033929,1.3283047364060918,1.8417119263057822,3.774638952503469,0.0,5.2958778703512275,1.1844598525934054e-07,23.00926736512347,PFS,Primary portal definition,Age and stage: fixed complete cases
Altered,0.16438145814132044,1.1786638402675025,0.22682767575305968,-0.2801926170316058,0.6089555333142467,0.7556381786542977,1.8385101330218967,0.0,0.7246975378801548,0.468637605928225,1.0934553666588012,PFS,Primary portal definition,"Age, stage and subtype: fixed complete cases"
AGE_10Y,-0.014125571050394822,0.9859737267325485,0.0978738667484602,-0.20595482490504918,0.17770368280425952,0.8138698420998594,1.194471326396182,0.0,-0.14432423607721673,0.8852444410334411,0.17585221576698298,PFS,Primary portal definition,"Age, stage and subtype: fixed complete cases"
ADVANCED_STAGE,0.8609166118105175,2.3653277877480647,0.19080601786529813,0.486943688761027,1.234889534860008,1.627334969550074,3.437998720718205,0.0,4.5119992620897955,6.421941171738945e-06,17.248559120023373,PFS,Primary portal definition,"Age, stage and subtype: fixed complete cases"
SUBTYPE_UCEC_CN_LOW,-0.863124080279168,0.4218421528578151,0.28052845557676365,-1.412949749848269,-0.3132984107100668,0.24342418264571522,0.7310317323185168,0.0,-3.0767790686495373,0.0020925032897164226,8.90055439376038,PFS,Primary portal definition,"Age, stage and subtype: fixed complete cases"
SUBTYPE_UCEC_MSI,-0.6590800113783128,0.5173270506317004,0.251006294335624,-1.1510433081689961,-0.16711671458762967,0.31630659191932564,0.8461008532618648,0.0,-2.6257509323533053,0.00864580555097878,6.853783895084903,PFS,Primary portal definition,"Age, stage and subtype: fixed complete cases"
SUBTYPE_UCEC_POLE,-2.105228221605735,0.12181786962657756,0.5372758870237513,-3.1582696099340986,-1.0521868332773714,0.042499217714700596,0.3491733297298974,0.0,-3.918337436038088,8.916183081836668e-05,13.453214233731247,PFS,Primary portal definition,"Age, stage and subtype: fixed complete cases"
Altered,0.23492820050962865,1.2648179521882603,0.23273677533291878,-0.22122749702088224,0.6910838980401395,0.8015343128786456,1.995877689168764,0.0,1.0094158955909531,0.31277521829442195,1.6768018848637976,PFS,Primary portal definition,Stage/subtype stratified: fixed complete cases
AGE_10Y,-0.015208695687704617,0.9849063724405974,0.09847656098110986,-0.20821920853204232,0.1778018171566331,0.8120290135125219,1.1945885508180039,0.0,-0.15443975232463697,0.8772630118104988,0.18891865364463103,PFS,Primary portal definition,Stage/subtype stratified: fixed complete cases
PTEN_NO_AMP,-0.2760007608286793,0.7588123534348211,0.1923588336013845,-0.6530171467955261,0.10101562513816753,0.520473061767603,1.1062939276238493,0.0,-1.4348223872090102,0.1513377167208309,2.7241565108688435,PFS,Amplification excluded,Unadjusted: all eligible
PTEN_NO_AMP,-0.32119841571265756,0.7252793298973929,0.20353984858739,-0.7201291883626777,0.07773235693736263,0.4866893772946778,1.0808333424091021,0.0,-1.5780615832321934,0.11455146273154182,3.125932214052996,PFS,Amplification excluded,PTEN only: fixed complete cases
PTEN_NO_AMP,-0.1414653325669194,0.8680852693512354,0.20754989337926802,-0.5482556485854129,0.2653249834515741,0.5779570918694049,1.3038546381136613,0.0,-0.6815967489244216,0.49549397125560113,1.0130605908410066,PFS,Amplification excluded,Age and stage: fixed complete cases
AGE_10Y,0.18869112515547237,1.207667876641358,0.08416426037553204,0.02373220603397802,0.3536500442769667,1.0240160558485347,1.4242566724824592,0.0,2.24193885045211,0.02496532468468323,5.3239305201210865,PFS,Amplification excluded,Age and stage: fixed complete cases
ADVANCED_STAGE,0.9676961980230289,2.631874152770554,0.18274421240638494,0.6095241233233766,1.3258682727226812,1.839555788761749,3.765453376482969,0.0,5.295358935204332,1.1878286004061665e-07,23.005169989001992,PFS,Amplification excluded,Age and stage: fixed complete cases
PTEN_NO_AMP,0.16986870185921427,1.1851492332135305,0.23190324302247373,-0.28465330236287384,0.6243907060813023,0.7522750210854392,1.867107993244262,0.0,0.7324981731400466,0.46386455735658216,1.1082244769369702,PFS,Amplification excluded,"Age, stage and subtype: fixed complete cases"
AGE_10Y,-0.014982694119876903,0.9851289879797154,0.09787115414261424,-0.20680663136476893,0.17684124312501512,0.8131768776886682,1.1934416110261004,0.0,-0.1530859041270186,0.8783305317272275,0.1871641406078293,PFS,Amplification excluded,"Age, stage and subtype: fixed complete cases"
ADVANCED_STAGE,0.8573559130574702,2.3569205447561545,0.1905589922998971,0.48386715121942636,1.230844674895514,1.6223361059621282,3.4241205838165114,0.0,4.499162714442698,6.8221626449729885e-06,17.161339419137022,PFS,Amplification excluded,"Age, stage and subtype: fixed complete cases"
SUBTYPE_UCEC_CN_LOW,-0.8700315213501425,0.4189383435372944,0.28393882809179155,-1.4265413982225637,-0.31352164447772135,0.24013802945694732,0.7308685595641483,0.0,-3.0641512722905206,0.002182885023220715,8.839548141872426,PFS,Amplification excluded,"Age, stage and subtype: fixed complete cases"
SUBTYPE_UCEC_MSI,-0.665178327544229,0.5141818267480205,0.25381277324011875,-1.1626422219110935,-0.16771443317736467,0.31265897413979343,0.8455952741651441,0.0,-2.6207440983080046,0.008773809369348008,6.832580923744194,PFS,Amplification excluded,"Age, stage and subtype: fixed complete cases"
SUBTYPE_UCEC_POLE,-2.110107607784112,0.12122492098637193,0.5380215123773172,-3.164610394951425,-1.0556048206167994,0.042230591861181124,0.3479818970204958,0.0,-3.921976276488147,8.782564114312318e-05,13.474998271015034,PFS,Amplification excluded,"Age, stage and subtype: fixed complete cases"
PTEN_NO_AMP,0.22553419702015753,1.2529918819723995,0.2362766858233709,-0.237559597580135,0.6886279916204501,0.7885498939151417,1.9909820144591723,0.0,0.9545342835422876,0.3398132639875058,1.5571859283113,PFS,Amplification excluded,Stage/subtype stratified: fixed complete cases
AGE_10Y,-0.015971431514075207,0.984155435484382,0.09845283788262647,-0.20893544793978377,0.17699258491163336,0.8114476145680873,1.193622242279921,0.0,-0.1622241862963466,0.8711293141546055,0.19904120035491776,PFS,Amplification excluded,Stage/subtype stratified: fixed complete cases
Altered,-0.3566261082259275,0.7000341858337014,0.21225306949895215,-0.7726344800519507,0.05938226360009574,0.4617948749765604,1.0611808140155883,0.0,-1.6801929369868929,0.09291978311495666,3.4278704030337472,PFI,Primary portal definition,Unadjusted: all eligible
Altered,-0.41039523860725463,0.6633880017645059,0.2231239855106133,-0.8477102142950936,0.026919737080584316,0.4283947418992706,1.027285346533459,0.0,-1.8393147543867865,0.06586890415270519,3.924258641269145,PFI,Primary portal definition,PTEN only: fixed complete cases
Altered,-0.2247153485174965,0.7987435499383936,0.22723568288825008,-0.6700891029808314,0.22065840594583833,0.5116629850581988,1.2468974250611835,0.0,-0.9889087209424189,0.3227078032947341,1.6316996312908802,PFI,Primary portal definition,Age and stage: fixed complete cases
AGE_10Y,0.07002032543514082,1.0725299806712332,0.0895084381395343,-0.10541298963077776,0.2454536405010594,0.8999527746634051,1.2782010254581102,0.0,0.7822762511617782,0.43405224070428716,1.2040594050531526,PFI,Primary portal definition,Age and stage: fixed complete cases
ADVANCED_STAGE,1.1354796220457548,3.1126660882246817,0.19666124632306817,0.750030662097781,1.5209285819937286,2.1170649292693606,4.576472852973712,0.0,5.773784328511927,7.751063706718672e-09,26.942958543715065,PFI,Primary portal definition,Age and stage: fixed complete cases
Altered,0.12826697128384965,1.1368564702181079,0.2515893900615404,-0.36483917212916894,0.6213731146968683,0.6943083060256666,1.8614823165157375,0.0,0.5098266316098413,0.6101729262423191,0.7127099268398062,PFI,Primary portal definition,"Age, stage and subtype: fixed complete cases"
AGE_10Y,-0.20541779080236552,0.814307035343546,0.1084620086398463,-0.4179994214273365,0.007163839822605406,0.6583626093353254,1.007189561508434,0.0,-1.8939146838453444,0.058236335125590205,4.10193662171237,PFI,Primary portal definition,"Age, stage and subtype: fixed complete cases"
ADVANCED_STAGE,1.0030267926924699,2.7265219683401023,0.20498906940632164,0.6012555994316979,1.4047979859532418,1.8244080886345135,4.074703510772712,0.0,4.893074521472693,9.92727948290225e-07,19.9420982550452,PFI,Primary portal definition,"Age, stage and subtype: fixed complete cases"
SUBTYPE_UCEC_CN_LOW,-1.0664183516322499,0.3442392560360434,0.31066996661921437,-1.6753202972841708,-0.45751640598032883,0.1872481947877461,0.6328534463607206,0.0,-3.43264063545399,0.0005977337909322426,10.708209276417207,PFI,Primary portal definition,"Age, stage and subtype: fixed complete cases"
SUBTYPE_UCEC_MSI,-0.8550683729853205,0.42525411419494136,0.27788752509141007,-1.399717913917455,-0.3104188320531861,0.24666653532523053,0.7331398294514688,0.0,-3.0770304377789137,0.0020907395088345456,8.901770961004896,PFI,Primary portal definition,"Age, stage and subtype: fixed complete cases"
SUBTYPE_UCEC_POLE,-2.5165437441997387,0.08073817685951683,0.6211625023086482,-3.7339998772714673,-1.29908761112801,0.023897059113231988,0.2727805614787633,0.0,-4.051345235500546,5.0924004516435114e-05,14.261294601371123,PFI,Primary portal definition,"Age, stage and subtype: fixed complete cases"
Altered,0.18076902762269162,1.1981384104544446,0.25927923015887366,-0.3274089254279722,0.6889469806733555,0.7207889338299827,1.9916172172322952,0.0,0.697198258078463,0.4856787289288512,1.0419257922623106,PFI,Primary portal definition,Stage/subtype stratified: fixed complete cases
AGE_10Y,-0.188363385561588,0.8283136553142258,0.10856831768075956,-0.4011533780779799,0.02442660695480392,0.6695473592749543,1.0247273804843144,0.0,-1.7349756317995308,0.08274512150060555,3.5951819339800477,PFI,Primary portal definition,Stage/subtype stratified: fixed complete cases
PTEN_NO_AMP,-0.3739937028466768,0.6879812441387166,0.21470555882142453,-0.794808865417215,0.04682145972386137,0.4516675559627279,1.0479348937910324,0.0,-1.7418911037964129,0.0815275009214369,3.616569397295447,PFI,Amplification excluded,Unadjusted: all eligible
PTEN_NO_AMP,-0.430928312751555,0.6499054990418128,0.22603092301849953,-0.8739407812601596,0.01208415575704952,0.41730380167225845,1.0121574641596816,0.0,-1.9065015839283443,0.05658516037812307,4.143432438059221,PFI,Amplification excluded,PTEN only: fixed complete cases
PTEN_NO_AMP,-0.25488894382519295,0.7750025620020224,0.22981020210017747,-0.7053086632214118,0.195530775571026,0.4939560846470622,1.215956215093201,0.0,-1.1091280608773117,0.2673749411245727,1.9030638351755704,PFI,Amplification excluded,Age and stage: fixed complete cases
AGE_10Y,0.06878767675119353,1.0712087424806165,0.08950732378964,-0.10664345422906606,0.2442188077314531,0.8988460956383614,1.2766236350528468,0.0,0.7685145062861921,0.44218157580104867,1.1772891806654062,PFI,Amplification excluded,Age and stage: fixed complete cases
ADVANCED_STAGE,1.133605053010998,3.1068366463128663,0.1963346423805057,0.7487962250276555,1.5184138809943404,2.1144531582059765,4.564978850163915,0.0,5.773841229781643,7.748445263732282e-09,26.943445993318075,PFI,Amplification excluded,Age and stage: fixed complete cases
PTEN_NO_AMP,0.1261861563485266,1.1344933417647036,0.2581281857714988,-0.3797357911582755,0.6321081038553287,0.6840421153142077,1.881572952444953,0.0,0.4888507466605354,0.6249473677769817,0.6781934018238462,PFI,Amplification excluded,"Age, stage and subtype: fixed complete cases"
AGE_10Y,-0.20584488938490272,0.813959320222604,0.1084519219413887,-0.41840675044417386,0.006716971674368383,0.6580944937502783,1.0067395811225983,0.0,-1.8980289671228572,0.057692266265062644,4.115478253379578,PFI,Amplification excluded,"Age, stage and subtype: fixed complete cases"
ADVANCED_STAGE,0.9997706229794657,2.717658388576386,0.20473308308596744,0.598501153687123,1.4010400922718085,1.8193897700543549,4.059419943192793,0.0,4.883288073963415,1.0433127357038225e-06,19.870396895051606,PFI,Amplification excluded,"Age, stage and subtype: fixed complete cases"
SUBTYPE_UCEC_CN_LOW,-1.0688334632542633,0.3434088829335169,0.3145291340980793,-1.6852992381750678,-0.45236768833345886,0.18538894820441817,0.6361202327315184,0.0,-3.398201779683055,0.0006783037069910239,10.525781002258602,PFI,Amplification excluded,"Age, stage and subtype: fixed complete cases"
SUBTYPE_UCEC_MSI,-0.8573151386015767,0.4242997404015783,0.2809048415066927,-1.4078785110376266,-0.3067517661655269,0.24466178023233234,0.7358332369440329,0.0,-3.0519770823570895,0.0022733945738078877,8.780936182436319,PFI,Amplification excluded,"Age, stage and subtype: fixed complete cases"
SUBTYPE_UCEC_POLE,-2.518434865653931,0.08058563544371915,0.6219089751040242,-3.7373540585200353,-1.2995156727878263,0.023817038322798873,0.272663819567002,0.0,-4.049523268630562,5.132207502086292e-05,14.25006097271947,PFI,Amplification excluded,"Age, stage and subtype: fixed complete cases"
PTEN_NO_AMP,0.16496253513428713,1.1793489337342726,0.2642145815279006,-0.35288852885071986,0.6828135991192942,0.7026555148296553,1.9794392531557272,0.0,0.6243506099487071,0.5323973535079882,0.909424695107112,PFI,Amplification excluded,Stage/subtype stratified: fixed complete cases
AGE_10Y,-0.18880236982123086,0.8279501184568128,0.1085202751465337,-0.40149820070081405,0.023893461058352328,0.6693165239993173,1.0241811968971344,0.0,-1.7397888972018654,0.08189609275840201,3.6100615668772287,PFI,Amplification excluded,Stage/subtype stratified: fixed complete cases
