endpoint,definition,model,patients_n,events_n,altered_n,PTEN_HR,CI_95_low,CI_95_high,PTEN_p_value,PTEN_PH_p_value,concordance_index,penalizer,strata,model_time_unit
OS,Primary portal definition,Unadjusted: all eligible,498,85,146,0.5933614251133766,0.3587873122809481,0.9812994182382989,0.04200093838639948,0.4095684506367099,0.5443828558045124,0,,months
OS,Primary portal definition,PTEN only: fixed complete cases,459,77,139,0.5952091909960464,0.3539249428163593,1.0009861927984824,0.050436009273103224,0.26023300424148044,0.5422117079506448,0,,months
OS,Primary portal definition,Age and stage: fixed complete cases,459,77,139,0.8258250242289182,0.4832197824966629,1.4113390952643856,0.48399138960821775,0.1252323880656668,0.7503478986919009,0,,months
OS,Primary portal definition,"Age, stage and subtype: fixed complete cases",459,77,139,1.071309837029785,0.5891840618348696,1.9479562351746909,0.8213559287581671,0.631542065927966,0.7583031821133686,0,,months
OS,Primary portal definition,Stage/subtype stratified: fixed complete cases,459,77,139,1.1385204934789885,0.6230496331289674,2.0804585142951653,0.6731957600064504,0.8868753762383175,0.537143772014089,0,"ADVANCED_STAGE,SUBTYPE",months
OS,Amplification excluded,Unadjusted: all eligible,498,85,143,0.606023287802151,0.36638659300959686,1.0023953724445065,0.05109920575177888,0.38484405948064915,0.5414552267936608,0,,months
OS,Amplification excluded,PTEN only: fixed complete cases,459,77,136,0.6086054230184581,0.36181261215444754,1.0237359021895092,0.06126857887375219,0.24086506898177995,0.5390806197235365,0,,months
OS,Amplification excluded,Age and stage: fixed complete cases,459,77,136,0.8382581064960019,0.4907450312030431,1.4318568878500448,0.5183692906367989,0.12352245775430462,0.7492810093700715,0,,months
OS,Amplification excluded,"Age, stage and subtype: fixed complete cases",459,77,136,1.1092050229271364,0.6064658360558567,2.0286975947206907,0.7365242897767685,0.6551924649521768,0.7586278875591428,0,,months
OS,Amplification excluded,Stage/subtype stratified: fixed complete cases,459,77,136,1.1623658830450478,0.6344830570351261,2.1294413319413428,0.6261876465901977,0.9608955042260918,0.5358629522894652,0,"ADVANCED_STAGE,SUBTYPE",months
PFS,Primary portal definition,Unadjusted: all eligible,498,140,146,0.7658934915908566,0.5270391818739929,1.1129966435806269,0.16193778113909363,0.06401444249416029,0.5125016654083582,0,,days
PFS,Primary portal definition,PTEN only: fixed complete cases,459,125,139,0.7339273145101957,0.49440498905048547,1.089490023186526,0.12484839007413456,0.012964043065186148,0.5123377834625736,0,,days
PFS,Primary portal definition,Age and stage: fixed complete cases,459,125,139,0.8851081726936594,0.5911726092400673,1.3251907566830006,0.553398843125279,0.00959022814799104,0.6453087110613691,0,,days
PFS,Primary portal definition,"Age, stage and subtype: fixed complete cases",459,125,139,1.1786638402675025,0.7556381786542977,1.8385101330218967,0.468637605928225,0.0818475575471553,0.6831081621232712,0,,days
PFS,Primary portal definition,Stage/subtype stratified: fixed complete cases,459,125,139,1.2648179521882603,0.8015343128786456,1.995877689168764,0.31277521829442195,0.46994049997536513,0.535932595407236,0,"ADVANCED_STAGE,SUBTYPE",days
PFS,Amplification excluded,Unadjusted: all eligible,498,140,143,0.7588123534348211,0.520473061767603,1.1062939276238493,0.1513377167208309,0.05076396371424298,0.512623795354621,0,,days
PFS,Amplification excluded,PTEN only: fixed complete cases,459,125,136,0.7252793298973929,0.4866893772946778,1.0808333424091021,0.11455146273154182,0.009353117037122468,0.5125909345271404,0,,days
PFS,Amplification excluded,Age and stage: fixed complete cases,459,125,136,0.8680852693512354,0.5779570918694049,1.3038546381136613,0.49549397125560113,0.0073451803794884665,0.6450688837370426,0,,days
PFS,Amplification excluded,"Age, stage and subtype: fixed complete cases",459,125,136,1.1851492332135305,0.7522750210854392,1.867107993244262,0.46386455735658216,0.06871249745532754,0.6829749247208676,0,,days
PFS,Amplification excluded,Stage/subtype stratified: fixed complete cases,459,125,136,1.2529918819723995,0.7885498939151417,1.9909820144591723,0.3398132639875058,0.4938788395911704,0.5353543697340162,0,"ADVANCED_STAGE,SUBTYPE",days
PFI,Primary portal definition,Unadjusted: all eligible,498,117,146,0.7000341858337014,0.4617948749765604,1.0611808140155883,0.09291978311495666,0.11431661061050898,0.5235446081440557,0,,days
PFI,Primary portal definition,PTEN only: fixed complete cases,459,107,139,0.6633880017645059,0.4283947418992706,1.027285346533459,0.06586890415270519,0.034121132335465765,0.5250613654959241,0,,days
PFI,Primary portal definition,Age and stage: fixed complete cases,459,107,139,0.7987435499383936,0.5116629850581988,1.2468974250611835,0.3227078032947341,0.030785557218710475,0.6398981787326888,0,,days
PFI,Primary portal definition,"Age, stage and subtype: fixed complete cases",459,107,139,1.1368564702181079,0.6943083060256666,1.8614823165157375,0.6101729262423191,0.20029023934023904,0.7019000575775024,0,,days
PFI,Primary portal definition,Stage/subtype stratified: fixed complete cases,459,107,139,1.1981384104544446,0.7207889338299827,1.9916172172322952,0.4856787289288512,0.737856659630571,0.5458325275575324,0,"ADVANCED_STAGE,SUBTYPE",days
PFI,Amplification excluded,Unadjusted: all eligible,498,117,143,0.6879812441387166,0.4516675559627279,1.0479348937910324,0.0815275009214369,0.08747960247872219,0.524171270718232,0,,days
PFI,Amplification excluded,PTEN only: fixed complete cases,459,107,136,0.6499054990418128,0.41730380167225845,1.0121574641596816,0.05658516037812307,0.02351687790592899,0.5258189642110367,0,,days
PFI,Amplification excluded,Age and stage: fixed complete cases,459,107,136,0.7750025620020224,0.4939560846470622,1.215956215093201,0.2673749411245727,0.022037636428119643,0.6411860965483802,0,,days
PFI,Amplification excluded,"Age, stage and subtype: fixed complete cases",459,107,136,1.1344933417647036,0.6840421153142077,1.881572952444953,0.6249473677769817,0.16119166249445732,0.7016273220400618,0,,days
PFI,Amplification excluded,Stage/subtype stratified: fixed complete cases,459,107,136,1.1793489337342726,0.7026555148296553,1.9794392531557272,0.5323973535079882,0.7823147334279138,0.5451556758847418,0,"ADVANCED_STAGE,SUBTYPE",days
