variable,coef,exp(coef),se(coef),coef lower 95%,coef upper 95%,exp(coef) lower 95%,exp(coef) upper 95%,cmp to,z,p,-log2(p),endpoint,definition,model,display_label,display_hr_ci,display_p
Altered,-0.5188423537208422,0.5952091909960464,0.265223271780004,-1.0386704142715284,0.000985706829844113,0.3539249428163593,1.0009861927984824,0.0,-1.9562474674213688,0.050436009273103224,4.309402062198867,OS,Primary portal definition,PTEN only: fixed complete cases,"PTEN status
Altered vs unaltered",0.60 (0.35–1.00),0.050
Altered,0.0688820465738971,1.071309837029785,0.30505595846018185,-0.5290166452774062,0.6667807384252004,0.5891840618348696,1.9479562351746909,0.0,0.2258013477972701,0.8213559287581671,0.2839205557366834,OS,Primary portal definition,"Age, stage and subtype: fixed complete cases","PTEN status
Altered vs unaltered",1.07 (0.59–1.95),0.821
AGE_10Y,0.09739253098620733,1.102292972858879,0.129106561698319,-0.1556516801102963,0.3504367420827109,0.8558572505609762,1.419687450468702,0.0,0.7543577158671666,0.45063445451802375,1.1499704718111743,OS,Primary portal definition,"Age, stage and subtype: fixed complete cases","Age
Per 10-year increase",1.10 (0.86–1.42),0.451
ADVANCED_STAGE,1.3393749925206415,3.816657320380895,0.25053813889651005,0.8483292635297881,1.830420721511495,2.335741182184012,6.236509940539071,0.0,5.345992424226868,8.992296932520889e-08,23.406735083860063,OS,Primary portal definition,"Age, stage and subtype: fixed complete cases","Stage
Advanced vs early",3.82 (2.34–6.24),$9.0\times10^{-8}$
SUBTYPE_UCEC_CN_LOW,-0.8709759450271684,0.41854287502075344,0.38348705660410637,-1.62259676450849,-0.11935512554584682,0.19738546942224292,0.8874925735080357,0.0,-2.2712003704634083,0.023134851018267854,5.433788381379327,OS,Primary portal definition,"Age, stage and subtype: fixed complete cases","Copy-number-low
vs copy-number-high",0.42 (0.20–0.89),0.023
SUBTYPE_UCEC_MSI,-0.5423908612716271,0.5813566463776149,0.33096168125058334,-1.1910638367855957,0.10628211424234157,0.30389779438500986,1.1121355815410887,0.0,-1.6388328075387157,0.10124808452825863,3.304033480398468,OS,Primary portal definition,"Age, stage and subtype: fixed complete cases","MSI-hypermutated
vs copy-number-high",0.58 (0.30–1.11),0.101
SUBTYPE_UCEC_POLE,-2.2555654307499124,0.1048142617713085,0.7493197406962558,-3.7242051354194663,-0.7869257260803588,0.02413227469573707,0.45524218537944316,0.0,-3.010150818466463,0.002611179956330935,8.58108239646375,OS,Primary portal definition,"Age, stage and subtype: fixed complete cases","POLE-ultramutated
vs copy-number-high",0.10 (0.02–0.46),0.003
